,blockPlayer,totalRushPlayers,totalPlays,totalWinsAllowed,totalHitsAllowed,totalHurriesAllowed,totalSacksAllowed,averageNumRusher,average_epa,displayName,team,officialPosition,height,weight,HandSize,ArmLength,40Yard,BenchPress,VertLeap,BroadJump,Shuttle,3Cone,defWin,defHit,defHurry,defSack,playCount,epa,actualSCRT,average_distance,average_gos,max_speed,max_accel,predictedSCRT,delta
12,52421,249.5,289,6,1,6,1,0.807443366,0.275729265,Tristan Wirfs,TB,T,77,322,10.25,34,4.85,24,36.5,121,4.68,7.65,6,1,6,1,309,85.20034292,-0.010380623,5.024346736,4.510250348,11.84397368,10.9799756,-0.024053924,0.013673301
36,47805,144,156,3,0,14,1,0.894409938,0.257315638,Andre Dillard,PHI,T,77,315,10,33.5,4.96,24,29,118,4.4,7.44,3,0,14,1,161,-10.48100105,-0.015673077,4.652625576,4.917548424,11.4299746,8.9099802,-0.027761054,0.012087977
50,46084,230,257,10,1,11,0,0.871212121,0.284962365,Kolton Miller,LV,T,80,325,10.75,34.125,4.91,24,31.5,121,4.49,7.34,10,1,11,0,264,59.79385515,-0.017490272,5.027517322,5.043628612,9.41397908,12.47397228,-0.029042748,0.011552476
18,37213,82.5,99,2,0,4,1,0.778301887,0.278167749,Marcus Cannon,HOU,T,78,335,9.13,34,5.26,33,30.5,105,4.97,8.07,2,0,4,1,106,3.39889926,-0.012020202,5.18899649,4.638154358,9.07197984,9.0899798,-0.023349285,0.011329083
96,44832,239,274,10,4,8,5,0.84751773,0.284962365,Garett Bolles,DEN,T,77,300,9.38,34,4.95,0,28,115,4.55,7.29,10,4,8,5,282,49.79714088,-0.023394161,4.436129844,4.863601378,8.4599812,11.80797376,-0.032728893,0.009334732
0,42476,65.5,103,1,0,2,0,0.564655172,0.257315638,Max Garcia,ARI,C,76,309,10.25,33.13,5.24,30,28,103,5.12,8.18,1,0,2,0,116,45.94664825,-0.004805825,6.228484438,3.551079065,10.02597772,8.17198184,-0.014121405,0.00931558
19,37082,181,207,5,1,4,1,0.811659193,0.278329396,Tyron Smith,DAL,T,77,320,11,36.38,5.08,29,29,109,4.68,7.47,5,1,4,1,223,62.06745539,-0.012101449,5.51084135,4.318479347,9.75597832,9.55797876,-0.020879617,0.008778168
2,46679,118.5,176,1,0,4,1,0.623684211,0.364544165,Evan Brown,DET,C,74,302,10,32.5,5.03,36,36,113,4.46,7.87,1,0,4,1,190,-40.12303127,-0.005028409,5.091448268,4.086941065,7.39798356,8.80198044,-0.013779722,0.008751313
79,52507,111.5,139,6,1,5,1,0.758503401,0.257315638,Matt Peart,NYG,T,79,303,9.5,36.63,5.06,26,30,113,4.92,8.01,6,1,5,1,147,-10.6410181,-0.020899281,5.466417454,4.620351514,9.52197884,10.2599772,-0.028763489,0.007864208
11,42348,79,109,2,0,5,0,0.699115044,0.275729265,Brandon Scherff,WAS,G,77,315,11,33.38,5.05,23,32.5,107,4.57,7.18,2,0,5,0,113,7.762967268,-0.009954128,5.231091584,4.006004774,11.26797496,9.28797936,-0.017805214,0.007851086
3,41264,168,233,2,0,6,1,0.674698795,0.275729265,Joel Bitonio,CLE,G,76,320,9.63,33.88,4.97,22,32,113,4.44,7.37,2,0,6,1,249,-10.72816707,-0.005922747,6.189354855,4.075394169,10.40397688,13.049971,-0.013239482,0.007316735
70,42377,259,292,12,2,12,1,0.846405229,0.278167749,Donovan Smith,TB,T,78,338,10.63,34.38,5.27,26,32,109,4.79,7.95,12,2,12,1,306,85.11933128,-0.019863014,4.908106745,4.525591547,9.7199784,14.2199684,-0.026865303,0.007002289
85,41324,75.5,106,5,1,2,1,0.69266055,0.269975984,Michael Schofield,LAC,G,78,301,9.63,34,5.01,0,24,92,4.57,7.62,5,1,2,1,109,9.314542215,-0.021839623,5.189853914,3.798156697,9.91797796,10.42197684,-0.028765797,0.006926174
32,46119,178,245,9,0,8,1,0.681992337,0.284962365,Connor Williams,DAL,G,77,298,10.5,33,5.05,26,34,112,4.63,7.83,9,0,8,1,261,67.15938156,-0.015122449,5.55559937,3.536897735,10.00797776,10.65597632,-0.021931804,0.006809355
7,38557,179.5,241,4,0,10,0,0.69844358,0.284962365,Kevin Zeitler,BAL,G,76,315,10.25,32.75,5.32,32,29,101,4.61,7.77,4,0,10,0,257,32.68630741,-0.009004149,5.964613084,3.70572727,9.93597792,10.27797716,-0.015805702,0.006801553
83,30869,180,208,10,2,5,1,0.829493088,0.284962365,Andrew Whitworth,LA,T,79,330,10.13,35,5.17,28,30.5,112,4.83,8.23,10,2,5,1,217,85.79826834,-0.021754808,5.548067298,4.951511195,8.71198064,12.7799716,-0.028503241,0.006748433
25,47861,66.5,104,3,0,5,0,0.573275862,0.278167749,Michael Deiter,MIA,C,78,310,10.75,33.13,5.23,21,28,105,4.81,7.88,3,0,5,0,116,-6.087483622,-0.013365385,5.385816814,3.855406452,8.15398188,7.88398248,-0.020113158,0.006747773
87,41237,160,181,6,3,6,2,0.879120879,0.257315638,Taylor Lewan,TEN,T,79,309,9.25,33.88,4.87,29,30.5,116,4.49,7.39,6,3,6,2,182,6.772611948,-0.022099448,5.081890741,4.508804646,10.11597752,8.08198204,-0.028802861,0.006703413
15,46089,78,121,2,1,3,0,0.573529412,0.278167749,Frank Ragnow,DET,C,77,311,9.38,33.13,4.99,26,33.5,115,4.51,8.04,2,1,3,0,136,5.50174318,-0.010702479,5.720809088,4.303535213,9.10797976,11.9699734,-0.017292165,0.006589686
8,43367,219.5,303,6,0,10,0,0.647492625,0.275729265,Joe Thuney,KC,G,77,308,9.63,32.25,4.95,28,28.5,110,4.54,7.47,6,0,10,0,339,68.64830891,-0.009174917,5.915204895,3.209117398,9.64797856,11.9699734,-0.015706564,0.006531647
69,52412,149.5,166,5,3,6,0,0.90060241,0.275729265,Andrew Thomas,NYG,T,77,326,10.25,36.13,5.22,21,30.5,109,4.66,7.58,5,3,6,0,166,29.52373982,-0.019849398,5.352883276,4.414475404,8.74798056,10.02597772,-0.026041865,0.006192467
29,43510,97,138,3,2,3,0,0.678321678,0.257315638,Ted Karras,NE,C,76,305,9.5,32.5,5.34,32,26.5,106,4.7,8.15,3,2,3,0,143,21.41214913,-0.014492754,5.447621283,3.578667096,10.1699774,6.60598532,-0.020278013,0.005785259
13,37266,145,235,4,0,11,1,0.568627451,0.269975984,Jason Kelce,PHI,C,75,295,9.5,32.5,4.89,0,30.5,110,4.14,7.22,4,0,11,1,255,27.39034771,-0.010489362,5.657832051,4.343688283,10.78197604,8.99998,-0.016214847,0.005725485
17,39965,151,208,3,1,12,0,0.69266055,0.284962365,Justin Pugh,ARI,G,77,311,10.25,32.08,5.14,22,28.5,103,4.63,7.45,3,1,12,0,218,66.42215941,-0.011802885,6.14688634,3.191943664,9.449979,9.68397848,-0.017358531,0.005555646
80,46163,216.5,296,11,4,9,2,0.700647249,0.275729265,Alex Cappa,TB,G,78,305,9.25,32.63,5.39,24,26.5,97,4.84,8.04,11,4,9,2,309,85.20034292,-0.02097973,5.262648674,3.421064772,8.0099822,9.68397848,-0.025968626,0.004988896
10,42392,142.5,231,4,0,9,1,0.567729084,0.284962365,Mitch Morse,BUF,C,78,305,9.25,32.25,5.14,36,31,112,4.5,7.6,4,0,9,1,251,58.17790035,-0.009848485,5.724523673,3.727483502,9.77397828,10.799976,-0.014698442,0.004849957
56,40023,105.5,120,2,2,8,0,0.830708661,0.278167749,Terron Armstead,NO,T,77,304,9.25,34.08,4.71,31,34.5,112,4.72,7.62,2,2,8,0,127,15.9879101,-0.018083333,5.945981489,4.615147224,9.2699794,9.03597992,-0.022885333,0.004802
84,39950,116,132,5,1,10,0,0.878787879,0.257315638,Lane Johnson,PHI,T,78,317,10.13,35.28,4.72,28,34,118,4.52,7.31,5,1,10,0,132,24.10347457,-0.021780303,4.810155056,4.750712583,8.76598052,9.34197924,-0.026547617,0.004767314
131,42400,214.5,244,15,4,4,1,0.861445783,0.257315638,Rob Havenstein,LA,T,80,328,9.88,33.75,5.46,16,28.5,96,4.87,8.28,15,4,4,1,249,99.77726765,-0.027684426,6.237516112,4.723912947,9.41397908,13.39197024,-0.032404563,0.004720137
22,46284,156.5,239,5,1,8,2,0.618577075,0.257315638,Bradley Bozeman,BAL,C,77,317,9.75,31.25,5.46,27,24,97,5.17,8.25,5,1,8,2,253,38.31448524,-0.01290795,6.27257783,3.774389203,10.81797596,10.09797756,-0.017619478,0.004711528
106,45069,147,209,9,3,12,0,0.671232877,0.275729265,Daniel Brunskill,SF,G,77,260,9.88,33.88,5.2,17,28,106,4.84,7.9,9,3,12,0,219,43.77259907,-0.024330144,5.479551122,3.907669736,8.74798056,10.8899758,-0.028994451,0.004664307
24,47797,192.5,277,7,2,8,0,0.666089965,0.284962365,Chris Lindstrom,ATL,G,76,307,9.5,34.13,4.91,25,30.5,117,4.54,7.61,7,2,8,0,289,24.5011777,-0.01333935,5.399179838,4.079140444,10.11597752,8.65798076,-0.017785827,0.004446477
63,47952,171.5,235,9,1,11,1,0.683266932,0.278329396,David Edwards,LA,G,78,308,9.75,33.38,5.28,16,25.5,99,4.77,7.69,9,1,11,1,251,97.3040277,-0.018680851,5.720315999,3.599909853,10.20597732,11.26797496,-0.023109676,0.004428825
21,42404,215,292,8,0,11,1,0.702614379,0.278167749,Ali Marpet,TB,G,76,307,10,33.38,4.98,30,30.5,108,4.47,7.33,8,0,11,1,306,85.11933128,-0.012619863,5.245061201,3.516970794,11.71797396,13.2299706,-0.016708083,0.00408822
73,41232,244.5,281,13,2,7,1,0.846020761,0.269975984,Jake Matthews,ATL,T,77,309,9.88,33.38,5.07,24,30.5,104,4.47,7.34,13,2,7,1,289,24.5011777,-0.020035587,5.376677949,4.886701209,9.10797976,13.51796996,-0.024115406,0.004079819
120,46275,90.5,100,4,2,4,1,0.896039604,0.257315638,Matt Pryor,IND,T,79,332,11.5,35.5,5.6,23,24.5,96,4.9,7.87,4,2,4,1,101,31.89233711,-0.026,5.33383629,4.431876515,9.10797976,9.6299786,-0.029972737,0.003972737
64,44875,227,247,8,3,10,1,0.900793651,0.364544165,Dion Dawkins,BUF,T,77,320,9.88,35,5.11,26,26,106,4.78,7.3,8,3,10,1,252,59.46027497,-0.019392713,5.61857888,4.644480588,9.66597852,8.83798036,-0.023250583,0.00385787
39,41321,152.5,206,8,0,7,1,0.66017316,0.257315638,Trai Turner,PIT,G,75,315,9.5,34,4.93,25,27.5,102,4.77,8.16,8,0,7,1,231,8.877270385,-0.016043689,4.870837833,3.677185504,8.38798136,7.90198244,-0.019836727,0.003793038
62,43384,134,192,5,2,9,2,0.650485437,0.269975984,Graham Glasgow,DEN,G,78,310,10.75,33.63,5.13,23,25,106,4.63,7.63,5,2,9,2,206,44.41973798,-0.018645833,4.869173031,3.923987308,8.76598052,10.54797656,-0.022324398,0.003678565
68,46302,150,165,5,1,10,2,0.877192982,0.278329396,Jordan Mailata,PHI,T,80,344,0,0,5.12,22,0,0,0,6.76,5,1,10,2,171,32.73355089,-0.019848485,5.055743403,5.010865488,10.76397608,11.03397548,-0.023480631,0.003632146
82,35443,144.5,164,6,3,5,0,0.825714286,0.278167749,Trent Williams,SF,T,77,320,9.75,34.25,4.81,23,34.5,113,4.63,7.64,6,3,5,0,175,50.67630625,-0.021371951,5.097922319,4.812872497,8.7299806,16.90196244,-0.024886074,0.003514123
41,42371,148.5,203,8,1,5,0,0.678082192,0.275729265,Laken Tomlinson,SF,G,75,312,10.13,33.63,5.33,25,31.5,103,4.87,8.17,8,1,5,0,219,43.77259907,-0.016330049,5.278234718,3.920095367,9.46797896,14.90396688,-0.019738665,0.003408616
9,34472,124.5,201,4,1,1,1,0.571100917,0.278167749,Alex Mack,SF,C,76,311,10.75,33,5.17,20,28.5,106,4.75,7.31,4,1,1,1,218,44.3295121,-0.009527363,5.489926338,4.513434272,10.349977,7.21798396,-0.012824145,0.003296782
42,48235,152,239,9,1,8,0,0.575757576,0.257315638,Andre James,LV,C,76,300,10,32,5.32,21,29,105,4.84,8,9,1,8,0,264,59.79385515,-0.016338912,5.133437475,4.104354861,7.8299826,9.899978,-0.01957639,0.003237478
74,41475,252.5,287,10,2,14,3,0.847315436,0.278167749,Charles Leno,WAS,T,75,305,10.13,34.38,5.21,21,29,108,4.4,7.57,10,2,14,3,298,-0.899661267,-0.020139373,5.382330276,4.880513037,11.55597432,13.01397108,-0.02333452,0.003195147
5,37130,83,130,3,0,0,0,0.58041958,0.257315638,Rodney Hudson,ARI,C,74,315,9.38,32.5,5.27,27,25.5,95,4.96,8.03,3,0,0,0,143,40.76212392,-0.007038462,6.374952385,3.778608761,9.57597872,7.77598272,-0.00975659,0.002718128
16,41310,149,215,4,0,13,0,0.639484979,0.284962365,Gabe Jackson,SEA,G,75,336,10,33.75,5.34,30,29,108,4.78,8.25,4,0,13,0,233,40.04306983,-0.011418605,5.524056278,3.999121548,9.91797796,9.1799796,-0.014038324,0.002619719
145,44846,227.5,252,12,5,18,1,0.861742424,0.283821189,Cam Robinson,JAX,T,78,320,10.5,35.5,5.15,0,26,106,4.82,7.81,12,5,18,1,264,-7.654803396,-0.030039683,5.513486648,4.815225313,8.24398168,8.62198084,-0.032509696,0.002470013
137,46152,295,324,13,9,11,3,0.87020649,0.275729265,Orlando Brown,KC,T,80,345,9.75,35,5.85,14,19.5,82,5.38,7.87,13,9,11,3,339,68.64830891,-0.028425926,5.509853372,4.436811012,9.5399788,8.65798076,-0.030452981,0.002027055
58,41293,97,152,5,1,7,1,0.554285714,0.278167749,Justin Britt,HOU,C,78,315,10.25,33.5,5.19,23,23,99,4.69,8.14,5,1,7,1,175,0.8806185,-0.018355263,5.346663771,3.89535498,9.37797916,9.39597912,-0.020135817,0.001780554
110,53480,129,144,6,2,8,1,0.871621622,0.278167749,Samuel Cosmi,WAS,T,77,295,10.25,33,4.87,36,30,117,4.39,7.35,6,2,8,1,148,20.62163668,-0.024930556,4.74975658,5.121610661,8.4599812,17.47796116,-0.026197172,0.001266616
78,47824,165,236,9,3,8,1,0.673469388,0.257315638,Dalton Risner,DEN,G,77,312,10.25,34,5.3,23,28.5,110,4.52,7.69,9,3,8,1,245,57.21168865,-0.020783898,4.733462358,3.753108543,12.79797156,7.14598412,-0.021943003,0.001159105
128,47814,210.5,245,12,4,11,2,0.838645418,0.257315638,Kaleb McGary,ATL,T,78,306,10.25,32.875,5.05,23,33.5,111,4.58,7.66,12,4,11,2,251,11.6358447,-0.027367347,5.279812734,4.937502719,10.6199764,12.09597312,-0.028447875,0.001080528
4,41390,145.5,250,4,0,4,0,0.531021898,0.446325353,Corey Linsley,LAC,C,75,301,9.88,32,5.24,36,27,107,4.53,7.46,4,0,4,0,274,37.22416075,-0.0064,5.919783865,4.032383647,10.31397708,14.399968,-0.007380313,0.000980313
114,44876,247.5,284,16,2,16,0,0.841836735,0.270168438,Taylor Moton,CAR,T,77,325,10.63,34.13,5.18,23,30.5,109,4.58,7.73,16,2,16,0,294,-8.405300201,-0.025352113,4.835695552,4.760193503,9.64797856,13.21197064,-0.026131045,0.000778932
94,43447,142,164,6,2,8,2,0.816091954,0.257315638,Brandon Shell,SEA,T,77,324,10.75,34.75,5.22,22,30.5,112,4.62,7.62,6,2,8,2,174,36.86847628,-0.023109756,5.200780521,5.454413716,9.5399788,13.64396968,-0.023816973,0.000707217
28,41436,174,270,4,2,12,3,0.591836735,0.275729265,Matt Paradis,CAR,C,75,300,9.88,32.375,5.34,23,26,102,4.46,7.6,4,2,12,3,294,-8.405300201,-0.013925926,5.440483919,4.216757791,8.6399808,9.95397788,-0.014617311,0.000691385
147,41295,205.5,237,11,5,15,2,0.842213115,0.278167749,Morgan Moses,NYJ,T,78,330,9.88,35.38,5.35,0,21.5,104,4.95,7.93,11,5,15,2,244,-12.4940524,-0.030295359,5.664656093,5.103098207,11.03397548,9.39597912,-0.030852489,0.00055713
38,45012,164,250,8,2,8,0,0.600732601,0.270168438,Chase Roullier,WAS,C,76,312,9.5,32.25,5.54,19,26.5,97,4.47,7.6,8,2,8,0,273,4.509450758,-0.016,5.295295928,4.553095943,10.47597672,13.19397068,-0.016332604,0.000332604
51,42883,176.5,263,9,3,7,0,0.617132867,0.257315638,David Andrews,NE,C,75,300,10,32.125,5.12,27,30,108,4.78,8.12,9,3,7,0,286,13.30431549,-0.017528517,5.517398088,4.065440676,10.349977,8.65798076,-0.017726201,0.000197684
133,46161,138,166,10,3,4,0,0.797687861,0.278329396,Chukwuma Okorafor,PIT,T,78,320,10.25,34.5,5.31,19,23.5,102,4.8,7.87,10,3,4,0,173,13.91099087,-0.027891566,5.04154966,4.814061712,8.94598012,8.06398208,-0.028047007,0.000155441
123,38642,241.5,275,11,4,14,5,0.827054795,0.278329396,Bobby Massie,DEN,T,78,325,9,35,5.18,22,27.5,103,4.95,7.7,11,4,14,5,292,51.75454788,-0.026490909,5.143473548,4.629581866,10.1699774,9.23397948,-0.026442228,-4.87E-05
33,43345,164,229,7,0,8,3,0.661290323,0.269975984,Cody Whitehair,CHI,G,75,309,10.13,32.38,5.02,16,25.5,110,4.58,7.32,7,0,8,3,248,-19.94965747,-0.015262009,5.570129713,4.087504719,9.2699794,13.08597092,-0.015212086,-4.99E-05
121,42445,207.5,243,9,6,11,1,0.826693227,0.050959515,Daryl Williams,BUF,T,78,330,9.75,35,5.34,27,26,97,5.15,8.18,9,6,11,1,251,58.17790035,-0.026296296,5.677325803,3.915517038,9.79197824,8.11798196,-0.026224738,-7.16E-05
6,53492,170,292,4,1,6,1,0.501474926,0.284962365,Creed Humphrey,KC,C,77,316,9.625,32.5,5.11,29,33,112,4.49,7.5,4,1,6,1,339,68.64830891,-0.008184932,6.413249116,3.386248527,10.36797696,11.84397368,-0.008090493,-9.44E-05
20,40070,150,226,6,1,4,1,0.602409639,0.275729265,J.C. Tretter,CLE,C,76,307,10.13,33.38,5.09,29,29.5,109,4.69,7.48,6,1,4,1,249,-10.72816707,-0.012433628,6.030170783,4.409924218,8.83798036,11.699974,-0.012075915,-0.000357713
101,40089,119.5,161,10,1,4,0,0.715568862,0.257315638,Oday Aboushi,LAC,G,77,315,10.63,33.78,5.45,17,23.5,100,4.84,7.92,10,1,4,0,167,29.34540392,-0.02378882,5.601584448,3.576826663,8.7299806,7.63198304,-0.02322359,-0.00056523
46,35472,138,198,6,1,7,2,0.663461538,0.257315638,Rodger Saffold,TEN,G,77,325,9.38,33.63,5.21,27,29.5,113,4.67,7.42,6,1,7,2,208,27.39852386,-0.016641414,5.258314583,3.265836274,9.97197784,7.88398248,-0.015863329,-0.000778085
81,53571,146,213,9,1,6,4,0.646017699,0.270168438,Royce Newman,GB,T,77,305,9,33.75,5.15,23,28,104,4.75,7.91,9,1,6,4,226,44.21459208,-0.021197183,5.725710429,3.688779011,9.57597872,10.9799756,-0.020402544,-0.000794639
136,46106,79.5,85,5,1,3,1,0.903409091,0.257315638,Braden Smith,IND,T,78,315,9.38,32.25,5.22,35,33.5,113,4.77,7.81,5,1,3,1,88,6.508777876,-0.028352941,5.478689839,4.655723125,9.16197964,7.8299826,-0.027431224,-0.000921717
108,29550,192,214,9,3,8,3,0.857142857,0.284962365,Jason Peters,CHI,T,76,328,9.38,33.13,4.99,21,29,115,4.75,7.7,9,3,8,3,224,-19.650039,-0.02478972,5.223062947,4.941366924,8.92798016,11.1599752,-0.023689285,-0.001100435
61,48159,156.5,231,10,0,11,1,0.631048387,0.278329396,Sam Mustipher,CHI,C,74,311,9,32.125,5.63,20,26.5,101,4.84,8.25,10,0,11,1,248,-19.94965747,-0.018593074,5.569863432,4.297929352,8.96398008,8.98198004,-0.017219363,-0.001373711
34,46108,157,225,5,1,14,1,0.633064516,0.257315638,James Daniels,CHI,G,75,305,9.5,33.75,0,21,30.5,108,4.4,7.29,5,1,14,1,248,-19.94965747,-0.015355556,5.413464749,3.932398328,8.89198024,11.89797356,-0.013960365,-0.001395191
60,43045,169,241,12,0,6,1,0.65503876,0.275729265,Quinton Spain,CIN,G,76,330,9.75,35,5.36,28,29,103,4.75,7.88,12,0,6,1,258,65.49632538,-0.018381743,4.991527996,3.481164885,8.87398028,11.84397368,-0.016682736,-0.001699007
164,52534,105.5,131,11,0,7,2,0.775735294,-0.799945302,Charlie Heck,HOU,T,80,315,10.25,34.13,5.16,21,28,112,4.86,8.02,11,0,7,2,136,-14.32490308,-0.033740458,5.028703248,5.011653301,10.11597752,10.0799776,-0.031887685,-0.001852773
115,43297,125,146,9,0,6,2,0.816993464,0.270168438,Jack Conklin,CLE,T,78,308,10.38,35,5,25,30,103,4.57,7.63,9,0,6,2,153,3.228587222,-0.025445205,6.404975915,5.116047243,9.449979,10.72797616,-0.023573695,-0.00187151
53,52600,129,179,5,1,9,2,0.651515152,0.257315638,Jon Runyan,GB,G,77,321,9.13,33.25,5.08,24,30.5,107,4.69,7.57,5,1,9,2,198,63.08355603,-0.017765363,5.91382146,3.622409306,9.39597912,9.34197924,-0.015636252,-0.002129111
130,38779,123,138,8,1,6,2,0.866197183,0.278329396,Kelvin Beachum,ARI,T,75,308,9.38,33.25,5.38,19,28.5,101,4.8,7.79,8,1,6,2,142,61.22124372,-0.027608696,5.430104861,4.628954897,9.1799796,9.50397888,-0.025274348,-0.002334348
45,43307,148,240,5,3,9,2,0.573643411,0.284962365,Ryan Kelly,IND,C,76,309,9.63,33.63,5.03,26,30,103,4.59,7.58,5,3,9,2,258,34.63348211,-0.016583333,5.372425323,3.949867416,8.44198124,8.40598132,-0.013962847,-0.002620486
150,53436,290,324,17,6,18,4,0.889570552,0.270168438,Penei Sewell,DET,T,78,325,10.375,33.25,5.1,30,28,109,4.68,7.76,17,6,18,4,326,-34.62128809,-0.031157407,4.810863405,4.708114538,10.85397588,11.4299746,-0.028309842,-0.002847565
163,38553,217.5,248,20,1,10,4,0.846303502,0.278167749,Riley Reiff,CIN,T,78,305,10.13,33.25,5.16,23,26.5,98,4.75,7.87,20,1,10,4,257,66.35089966,-0.033266129,5.207774544,4.536424578,10.04397768,11.0699754,-0.030376892,-0.002889237
124,43453,202,284,13,5,17,0,0.619631902,0.278167749,Halapoulivaati Vaitai,DET,G,78,320,10.63,34.25,5.26,23,29,113,5,8.26,13,5,17,0,326,-34.62128809,-0.026690141,4.911132488,3.96619147,9.16197964,15.49796556,-0.023798218,-0.002891923
55,38629,158.5,250,7,3,10,1,0.582720588,0.278329396,Ben Jones,TEN,C,75,308,9.63,32.5,5.35,29,30.5,105,4.74,7.95,7,3,10,1,272,32.03783016,-0.01794,5.19528101,4.226835625,9.5399788,12.07797316,-0.014928726,-0.003011274
126,47919,73.5,96,4,1,4,3,0.7,0.284962365,Michael Jordan,CAR,G,78,315,10,34.25,5.27,19,32.5,116,4.71,7.71,4,1,4,3,105,-19.9065782,-0.027083333,5.110192128,3.47765461,8.51398108,7.30798376,-0.024057355,-0.003025978
100,53442,240,266,14,2,9,2,0.875912409,0.270168438,Rashawn Slater,LAC,T,75,305,10.5,33,4.91,33,33,112,4.45,7.48,14,2,9,2,274,37.22416075,-0.023778195,5.582876091,4.649764892,9.59397868,12.58197204,-0.020693497,-0.003084698
43,40151,187.5,286,9,2,10,1,0.608766234,0.270168438,Ryan Jensen,TB,C,76,319,9.13,32.5,5.23,30,25.5,98,4.56,7.69,9,2,10,1,308,83.21187876,-0.016416084,5.579135848,3.801216464,9.52197884,11.10597532,-0.013167671,-0.003248413
159,47794,219.5,252,17,4,9,3,0.850775194,0.270168438,Jonah Williams,CIN,T,76,305,10.13,33.625,5.09,23,28,100,4.79,8.01,17,4,9,3,258,65.49632538,-0.032698413,4.717309835,4.931922185,10.76397608,9.30597932,-0.029432801,-0.003265612
165,48181,76,86,5,2,2,2,0.817204301,0.088942085,Yosuah Nijman,GB,T,79,314,10.13,34.125,4.88,27,30.5,114,4.5,8.07,5,2,2,2,93,23.22855064,-0.033895349,5.10637287,5.149695301,10.42197684,9.70197844,-0.03061376,-0.003281589
146,42367,205.5,229,15,1,14,3,0.874468085,0.257315638,D.J. Humphries,ARI,T,77,307,10,33.63,5.12,26,31,104,4.64,7.87,15,1,14,3,235,72.91055924,-0.030152838,5.908412621,4.812513691,10.38597692,11.93397348,-0.026758526,-0.003394312
89,42424,150,208,8,0,17,3,0.678733032,0.284962365,John Miller,CAR,G,75,315,10.25,33.25,5.33,29,27,104,4.75,8.2,8,0,17,3,221,-2.239150011,-0.022379808,5.241344747,3.335009043,8.9099802,7.75798276,-0.018836984,-0.003542824
99,46102,166.5,232,10,4,9,0,0.668674699,0.269975984,Austin Corbett,LA,G,76,305,10.5,33.13,5.15,19,28,106,4.5,7.87,10,4,9,0,249,99.77726765,-0.023728448,5.753701235,3.772240421,11.68197404,8.06398208,-0.019997739,-0.003730709
65,41242,138.5,197,10,1,4,0,0.665865385,0.284962365,Zack Martin,DAL,G,76,315,9.5,32.88,5.22,29,28,104,4.59,7.65,10,1,4,0,208,53.6749797,-0.019441624,5.750019153,3.857698937,8.71198064,10.67397628,-0.01515077,-0.004290854
35,42474,149,209,6,2,4,1,0.645021645,0.270168438,Shaquille Mason,NE,G,73,310,9.5,32.125,5.27,25,32,110,4.65,7.53,6,2,4,1,231,-5.708844073,-0.015358852,5.409879135,3.69401093,9.5399788,14.95796676,-0.011024119,-0.004334733
151,41296,193,218,14,2,14,2,0.853982301,0.278167749,Billy Turner,GB,T,77,310,10,34,5.16,25,28,108,4.71,7.92,14,2,14,2,226,44.21459208,-0.031192661,5.749417197,4.975149845,10.60197644,10.81797596,-0.026634712,-0.004557949
59,43695,89.5,129,2,2,8,1,0.63028169,0.257315638,Matt Skura,NYG,C,75,313,10.13,33.375,5.39,27,24,103,4.76,7.89,2,2,8,1,142,8.195974233,-0.018372093,6.072467607,4.045381535,9.34197924,11.62797416,-0.013456828,-0.004915265
117,47976,174,241,11,3,17,0,0.68503937,0.270168438,Olisaemeka Udoh,MIN,T,77,323,10,35.375,5.05,26,28.5,105,5.05,7.88,11,3,17,0,254,47.39419065,-0.02560166,5.109906968,3.571210174,9.86397808,9.6299786,-0.020413861,-0.005187799
71,53443,178,254,7,3,16,1,0.656826568,0.278167749,Alijah Vera-Tucker,NYJ,G,76,310,9.625,32.125,5.13,32,32,106,4.63,7.7,7,3,16,1,271,-18.88874774,-0.019901575,5.926937545,3.966942654,9.73797836,8.44198124,-0.01465829,-0.005243285
77,41322,90,142,5,2,4,1,0.552147239,0.270168438,Brandon Linder,JAX,G,78,315,10.25,34.5,5.35,30,26.5,99,4.71,7.77,5,2,4,1,163,-2.913768337,-0.020457746,5.763071697,4.160902668,8.85598032,10.38597692,-0.015069354,-0.005388392
66,46235,170.5,234,10,0,14,1,0.684738956,0.278167749,Wyatt Teller,CLE,G,76,315,10.25,34,5.24,30,29,114,4.84,7.45,10,0,14,1,249,-10.72816707,-0.01957265,5.832167395,4.040011183,10.76397608,11.66397408,-0.014107706,-0.005464944
47,43433,155,245,10,0,9,1,0.57195572,0.270168438,Connor McGovern,NYJ,C,76,306,10.38,32.88,5.11,33,33,109,4.65,7.5,10,0,9,1,271,-18.88874774,-0.016755102,5.810041799,4.611105611,12.56397208,10.51197664,-0.011065235,-0.005689867
95,41959,176,258,11,4,7,2,0.642335766,0.278167749,Matt Feiler,LAC,G,78,330,9.5,32,5.37,36,26.5,102,4.86,8.13,11,4,7,2,274,37.22416075,-0.023333333,5.707283476,3.41163078,7.95598232,8.4599812,-0.017478443,-0.00585489
103,52486,170.5,273,17,0,12,1,0.589965398,0.257315638,Matt Hennessy,ATL,C,76,290,10,32.25,5.18,23,30,110,4.6,7.45,17,0,12,1,289,24.5011777,-0.023901099,5.120783625,4.495856338,9.9899778,14.56196764,-0.017521242,-0.006379857
138,47806,158,232,15,1,16,1,0.629482072,0.275729265,Tytus Howard,HOU,T,77,322,10.63,34,5.05,21,29.5,103,4.87,8.34,15,1,16,1,251,-7.707558207,-0.028857759,5.163822548,3.635033574,7.72198284,11.32197484,-0.022376137,-0.006481622
112,43484,113.5,166,8,2,8,1,0.616847826,0.269975984,Wes Schweitzer,WAS,G,77,314,10.5,32.625,5.15,28,27.5,108,4.73,7.8,8,2,8,1,184,-9.766101855,-0.025301205,5.041350741,4.139267547,9.95397788,9.07197984,-0.018459896,-0.006841309
156,40124,231,269,15,6,10,4,0.836956522,0.284962365,David Quessenberry,TEN,G,77,310,10.63,34.38,5.08,25,29.5,112,4.45,7.49,15,6,10,4,276,32.25916251,-0.032434944,5.090955598,4.62703104,9.6299786,13.96796896,-0.025230403,-0.007204541
72,46180,145,225,9,1,8,3,0.582329317,0.257315638,Brian Allen,LA,C,74,302,9.25,32.38,5.34,27,26.5,99,4.71,7.81,9,1,8,3,249,99.77726765,-0.020022222,5.798504151,4.222239421,7.14598412,8.67598072,-0.011781281,-0.008240941
167,52426,216,278,16,5,29,1,0.744827586,0.257315638,Austin Jackson,MIA,T,78,310,10.25,34.13,5.07,27,31,115,0,7.95,16,5,29,1,290,11.69444912,-0.035377698,4.908076109,4.279038786,12.49197224,8.49598112,-0.026706616,-0.008671082
67,52432,132,188,7,1,8,2,0.650246305,0.270168438,Cesar Ruiz,NO,G,75,319,11,33.13,5.08,28,33,113,4.64,7.91,7,1,8,2,203,35.54923304,-0.019654255,6.922693036,3.72926847,9.52197884,7.25398388,-0.010844485,-0.00880977
149,33107,192,222,9,5,9,6,0.824034335,0.278329396,Duane Brown,SEA,T,76,315,10,34.25,5.09,24,27.5,105,4.52,7.58,9,5,9,6,233,40.04306983,-0.030630631,5.596035099,5.19784418,9.48597892,12.90597132,-0.02174736,-0.008883271
93,46075,103.5,148,7,2,3,1,0.676470588,0.269975984,Quenton Nelson,IND,G,77,330,10.38,33.75,0,35,26.5,105,4.62,7.65,7,2,3,1,153,6.951782762,-0.023108108,5.710397734,3.175260324,9.01797996,11.55597432,-0.014151779,-0.008956329
154,47995,117,168,11,3,5,2,0.664772727,0.278167749,Dennis Daley,CAR,G,78,324,9.5,33.38,5.23,20,26.5,103,4.92,7.95,11,3,5,2,176,-0.820340851,-0.032321429,5.144081707,3.505506156,10.6199764,11.28597492,-0.022864871,-0.009456558
169,37090,227,271,18,6,17,3,0.813620072,0.278167749,Nate Solder,NYG,T,80,325,9.88,35.5,4.96,21,32,110,4.34,7.44,18,6,17,3,279,24.14300765,-0.037287823,5.277429697,4.577189242,11.84397368,8.98198004,-0.02755387,-0.009733953
148,52483,229,311,15,7,18,2,0.698170732,0.275729265,Jonah Jackson,DET,G,76,305,10.5,33.5,5.23,28,26,98,5.02,7.83,15,7,18,2,328,-35.20736261,-0.030498392,5.157111897,3.636390846,8.98198004,11.30397488,-0.020630796,-0.009867596
134,47865,170.5,248,9,4,19,4,0.645833333,0.269975984,Nate Davis,TEN,G,75,316,9.5,33.13,5.23,23,26,107,4.83,7.94,9,4,19,4,264,39.28206257,-0.028024194,5.038572964,3.637167859,9.8099782,9.95397788,-0.017750113,-0.010274081
116,53655,231.5,314,15,3,15,4,0.682890855,0.257315638,Trey Smith,KC,G,78,325,10,33.75,5.11,32,31,112,4.82,7.43,15,3,15,4,339,68.64830891,-0.025477707,5.984444485,3.015949457,11.71797396,15.28196604,-0.015169509,-0.010308198
122,52517,169,245,12,3,15,1,0.640151515,0.269975984,John Simpson,LV,G,76,330,11.25,34.13,5.24,34,30,107,4.87,8.03,12,3,15,1,264,59.79385515,-0.026469388,5.004683729,3.433789466,9.79197824,14.23796836,-0.015817987,-0.010651401
75,46103,200.5,285,12,1,12,3,0.670568562,0.275729265,Will Hernandez,NYG,G,74,327,9.88,32,5.15,37,24,104,4.7,7.59,12,1,12,3,299,18.89360074,-0.020350877,5.349421614,3.891622547,11.95197344,11.8799736,-0.009480377,-0.0108705
172,39947,181,204,12,6,11,5,0.866028708,0.269975984,Eric Fisher,IND,T,79,315,10.5,34.48,5.05,27,28.5,116,4.44,7.59,12,6,11,5,209,27.31418199,-0.039730392,5.225496964,4.718007435,10.83597592,11.71797396,-0.028830247,-0.010900145
139,52666,102,141,6,4,7,0,0.658064516,0.278167749,Calvin Throckmorton,NO,T,77,318,9.5,32.5,5.57,23,27,97,4.98,8.07,6,4,7,0,155,19.12504356,-0.029042553,6.851016741,3.737499026,8.29798156,10.56597652,-0.016904077,-0.012138476
168,42362,183.5,206,14,4,16,1,0.849537037,0.275729265,Cameron Erving,CAR,T,77,313,10.38,34.13,5.15,30,30.5,112,4.63,7.48,14,4,16,1,216,29.95036967,-0.03684466,4.99706581,4.506902863,9.1799796,9.7199784,-0.024451927,-0.012392733
160,47838,148.5,216,10,6,13,2,0.645652174,0.446325353,Max Scharping,HOU,G,78,325,10,33.625,0,27,28,108,4.69,7.77,10,6,13,2,230,3.71866614,-0.032800926,5.048591634,3.871592187,9.28797936,12.40197244,-0.01974911,-0.013051816
153,42477,135,185,5,7,12,2,0.692307692,0.278329396,Mark Glowinski,IND,G,76,310,9.75,33.13,5.2,31,29.5,113,4.58,7.56,5,7,12,2,195,28.35483678,-0.031702703,4.797648657,4.182312637,8.7299806,11.14197524,-0.018492393,-0.01321031
144,52466,157.5,233,13,3,15,2,0.62007874,0.278167749,Ezra Cleveland,MIN,G,78,310,9,33.38,4.93,30,30,111,4.46,7.26,13,3,15,2,254,47.39419065,-0.03,5.358096321,3.247495478,10.47597672,12.54597212,-0.016056224,-0.013943776
171,53497,180.5,265,11,12,12,5,0.631118881,0.278329396,Jalen Mayfield,ATL,G,77,320,9.75,32.625,5.39,0,28.5,96,4.91,7.86,11,12,12,5,286,24.19866496,-0.038849057,4.967610117,3.982793646,9.43197904,11.48397448,-0.024606847,-0.01424221
183,46134,87.5,101,7,4,10,1,0.841346154,0.278329396,Brandon Parker,LV,T,80,320,9.75,35,5.37,21,28.5,113,4.68,7.82,7,4,10,1,104,31.75011062,-0.048366337,4.580999425,4.813360883,8.67598072,9.41397908,-0.033578543,-0.014787794
182,48455,276,318,33,4,30,3,0.841463415,0.275729265,Matt Nelson,DET,T,79,299,9.38,34.875,5.15,15,30.5,111,4.61,7.45,33,4,30,3,328,-35.20736261,-0.047531447,4.907470853,5.111528731,9.57597872,13.08597092,-0.032568783,-0.014962664
140,45056,106,175,10,2,9,2,0.538071066,0.269975984,Kyle Fuller,SEA,G,77,320,9.38,32.88,5.24,23,26,96,4.84,7.71,10,2,9,2,197,35.44888369,-0.029171429,5.538397525,4.487612405,10.349977,11.7899738,-0.013958264,-0.015213165
125,47801,140.5,226,6,7,11,2,0.553149606,0.275729265,Garrett Bradbury,MIN,C,75,305,10.5,31.75,4.92,34,31,104,4.53,7.41,6,7,11,2,254,47.39419065,-0.026880531,5.146128139,4.110869413,8.62198084,9.52197884,-0.009977087,-0.016903444
175,53522,86,96,10,1,7,0,0.86,0.269975984,Spencer Brown,BUF,T,81,321,10.375,34.75,4.94,29,31.5,117,4.4,6.96,10,1,7,0,100,34.16463886,-0.042864583,6.036587284,4.4349075,12.9599712,12.27597272,-0.024515399,-0.018349184
173,42356,84,116,9,2,8,3,0.661417323,0.275729265,Andrus Peat,NO,G,79,316,10.63,34.38,5.18,0,31,105,4.62,8.01,9,2,8,3,127,20.33185905,-0.042284483,7.362152453,3.440060358,8.67598072,7.57798316,-0.02361389,-0.018670593
170,47821,87,113,5,3,14,1,0.707317073,0.269975984,Cody Ford,BUF,G,75,329,9.75,34,5.21,19,28.5,104,4.87,8.27,5,3,14,1,123,17.76292377,-0.037654867,5.823433682,3.336766057,10.31397708,7.77598272,-0.018874229,-0.018780638
185,52603,148.5,170,21,3,12,1,0.848571429,0.278167749,Justin Herron,NE,T,77,290,8.88,33.5,5.26,27,33,105,4.88,8.41,21,3,12,1,175,-1.781981747,-0.052617647,5.454761078,4.558042945,9.7199784,10.22397728,-0.032548652,-0.020068995
181,53471,235,270,27,2,22,6,0.833333333,0.275729265,Liam Eichenberg,MIA,T,78,308,9.625,32.375,0,33,26.5,105,4.57,7.53,27,2,22,6,282,24.09391611,-0.045648148,5.203618183,4.976652902,8.83798036,19.74595612,-0.025322347,-0.020325801
186,53557,206,228,25,6,15,3,0.895652174,0.257315638,Dan Moore,PIT,T,77,315,10.25,34.5,5.21,28,30.5,110,4.73,7.56,25,6,15,3,230,12.08046735,-0.052850877,4.267544241,5.126933823,9.43197904,8.3699814,-0.028840356,-0.024010521
184,48485,108,124,15,1,7,2,0.870967742,0.257315638,Blake Hance,CLE,G,77,310,10.13,32.125,5.29,27,27,107,4.69,7.65,15,1,7,2,124,-10.00463919,-0.048709677,5.9103241,4.790806802,9.30597932,9.93597792,-0.024648641,-0.024061036
188,53446,202.5,235,31,8,14,4,0.833333333,0.257315638,Alex Leatherwood,LV,T,77,305,9.5,33.875,5.01,0,34.5,118,4.65,7.45,31,8,14,4,243,42.53496002,-0.062914894,4.824925075,4.349116932,9.37797916,9.66597852,-0.031470291,-0.031444603
1,41532,97,118,0,0,4,1,0.76984127,0.278167749,James Hurst,NO,T,77,310,10.13,33.75,5.59,20,22,0,4.73,0,0,0,4,1,126,39.04902207,-0.004915254,6.985091695,4.061192274,8.58598092,10.24197724,,
14,53491,62.5,102,2,0,5,0,0.543478261,0.275729265,Josh Myers,GB,C,77,312,10.375,32,0,29,0,119,0,0,2,0,5,0,115,14.87919589,-0.010637255,5.72385716,4.669139822,10.69197624,7.70398288,,
23,41939,166.5,231,8,1,2,0,0.635496183,0.278167749,Andrew Norwell,JAX,G,78,325,0,0,0,0,0,0,0,0,8,1,2,0,262,-6.047637624,-0.013116883,5.731290462,3.692671498,9.91797796,11.48397448,,
26,47906,141,194,5,1,5,1,0.687804878,0.269975984,Ben Powers,BAL,G,76,310,9.88,33.75,0,21,29,97,4.83,0,5,1,5,1,205,23.92669484,-0.013402062,5.8369088,3.225060007,9.21597952,11.4299746,,
27,42352,207.5,279,4,3,10,2,0.701013514,0.275729265,Ereck Flowers,WAS,G,78,329,9.88,34.5,5.31,37,27,101,0,0,4,3,10,2,296,1.646556511,-0.013512545,5.383729079,3.971384287,9.46797896,8.89198024,,
30,42954,67.5,110,4,0,2,1,0.581896552,0.269975984,Greg Mancz,MIA,C,76,310,10,32.75,5.08,0,0,0,0,0,4,0,2,1,116,11.90303026,-0.014636364,5.513790694,4.170073022,9.21597952,7.0199844,,
31,41665,63.5,94,3,0,5,0,0.628712871,0.257315638,Tyler Shatley,JAX,G,75,310,0,0,0,0,0,0,0,0,3,0,5,0,101,-4.741035058,-0.014787234,5.635992259,4.311147444,8.53198104,7.86598252,,
37,52543,147,209,5,2,6,2,0.641921397,0.284962365,Kevin Dotson,PIT,G,76,321,0,0,0,0,0,0,0,0,5,2,6,2,229,4.59750024,-0.01576555,5.063249805,3.905015246,8.56798096,8.53198104,,
40,52553,109,145,1,3,9,0,0.721854305,0.278329396,Jack Driscoll,PHI,T,77,296,9.88,33,5.02,23,29.5,114,0,0,1,3,9,0,151,12.0803705,-0.016275862,5.021843332,4.435147844,8.47798116,7.39798356,,
44,46131,219,251,11,1,4,0,0.862204724,0.275729265,Brian O'Neill,MIN,T,79,297,0,0,0,0,0,0,0,0,11,1,4,0,254,47.39419065,-0.016474104,5.310275793,4.641473696,10.63797636,10.799976,,
48,44068,80,124,4,1,5,0,0.575539568,-0.135906383,Lucas Patrick,GB,G,75,313,0,0,0,0,0,0,0,0,4,1,5,0,139,10.46643225,-0.016895161,5.901471221,4.291766133,11.8799736,9.23397948,,
49,52447,200.5,286,8,2,16,1,0.648867314,0.275729265,Robert Hunt,MIA,G,77,322,10.75,33.5,0,0,0,0,0,0,8,2,16,1,309,11.66340729,-0.017342657,5.399796503,3.951449614,10.00797776,12.599972,,
52,46090,165,245,6,4,7,1,0.637065637,0.278329396,Billy Price,NYG,C,76,312,9.75,32,0,0,0,0,0,0,6,4,7,1,259,15.27929088,-0.017530612,5.562355355,3.887618598,9.32397928,9.05397988,,
54,52491,169.5,274,5,5,8,3,0.580479452,0.364544165,Lloyd Cushenberry,DEN,C,76,315,10.38,34.13,5.27,25,0,0,0,0,5,5,8,3,292,51.75454788,-0.017828467,5.023183851,4.062880137,10.49397668,10.5299766,,
57,44972,118.5,159,7,1,4,0,0.705357143,0.278329396,Jermaine Eluemunor,LV,G,76,335,0,0,0,0,0,0,0,0,7,1,4,0,168,48.54798273,-0.018333333,5.379669614,3.460463089,8.6399808,10.40397688,,
76,52524,83.5,117,3,2,5,1,0.65234375,0.284962365,Ben Bartch,JAX,T,78,305,9,32.88,0,0,0,0,0,0,3,2,5,1,128,-19.40898691,-0.02042735,5.472992722,4.0868091,8.8199804,11.57397428,,
86,41563,93.5,109,4,2,4,0,0.834821429,0.257315638,Cornelius Lucas,WAS,T,80,328,10,36.75,0,0,0,0,0,0,4,2,4,0,112,-20.06795503,-0.022018349,4.993201361,5.087642257,9.12597972,7.50598332,,
88,43586,187,221,11,2,8,0,0.782426778,0.278167749,George Fant,NYJ,T,77,322,0,0,0,0,0,0,0,0,11,2,8,0,239,-31.23757016,-0.022239819,6.131397565,5.126506983,11.62797416,12.45597232,,
90,48220,155,185,9,1,7,2,0.782828283,0.257315638,Patrick Mekari,BAL,G,76,308,0,0,0,0,0,0,0,0,9,1,7,2,198,47.11271377,-0.022756757,5.923517945,4.182523508,10.58397648,11.68197404,,
91,42410,75,104,3,1,9,1,0.688073394,0.278167749,A.J. Cann,JAX,G,75,325,10.25,32.63,5.18,26,32.5,109,0,0,3,1,9,1,109,-1.019216236,-0.022788462,4.893547898,3.960218472,8.94598012,7.99198224,,
92,52554,159,240,10,3,13,0,0.609195402,0.257315638,Tyler Biadasz,DAL,C,75,320,10,32.25,0,0,0,0,0,0,10,3,13,0,261,67.15938156,-0.022854167,5.47358878,4.265235277,10.76397608,10.9799756,,
97,46143,116,132,8,0,7,0,0.84057971,0.275729265,Geron Christian,HOU,T,78,315,10.75,35,5.33,19,0,0,0,0,8,0,7,0,138,-25.25869313,-0.023522727,5.260902023,4.918269703,9.10797976,12.74397168,,
98,43302,106,119,5,2,5,0,0.868852459,0.275729265,Laremy Tunsil,HOU,T,77,313,10,34.25,0,34,28.5,111,0,0,5,2,5,0,122,20.76958053,-0.023529412,5.046718267,4.843692664,8.80198044,10.5299766,,
102,52504,206.5,224,7,2,21,2,0.893939394,0.278329396,Lucas Niang,KC,T,79,328,10.5,34.25,0,0,0,0,0,0,7,2,21,2,231,60.19213811,-0.023794643,5.281019079,4.989658333,9.03597992,12.40197244,,
104,46078,188,214,8,3,12,2,0.858447489,0.270168438,Mike McGlinchey,SF,T,80,315,10,34,0,24,28.5,105,0,0,8,3,12,2,219,43.77259907,-0.024205607,5.54407151,4.778993203,9.75597832,8.13598192,,
105,39684,182.5,254,10,2,18,3,0.673431734,0.257315638,Greg Van Roten,NYJ,G,75,305,0,0,0,0,0,0,0,0,10,2,18,3,271,-18.88874774,-0.024251969,5.479006407,3.969787829,10.74597612,12.27597272,,
107,41619,157,235,12,2,8,3,0.615686275,0.275729265,Trey Hopkins,CIN,C,75,316,0,0,0,0,0,0,0,0,12,2,8,3,255,59.49747547,-0.024765957,4.97590029,3.853740541,10.06197764,6.22798616,,
109,43320,104.5,126,8,0,3,2,0.810077519,0.257315638,Germain Ifedi,CHI,T,77,325,10.75,36,5.27,24,32.5,109,4.75,0,8,0,3,2,129,-11.48939937,-0.024801587,5.059715372,4.883032473,8.65798076,9.59397868,,
111,44844,168,194,6,2,17,3,0.827586207,0.275729265,Ryan Ramczyk,NO,T,78,314,10.88,33.75,0,25,0,0,4.82,0,6,2,17,3,203,35.54923304,-0.024974227,6.461470946,4.954926293,8.58598092,10.94397568,,
113,52480,160.5,216,9,1,14,5,0.703947368,0.269975984,Josh Jones,ARI,G,79,310,10.13,33.88,5.27,24,28.5,109,0,0,9,1,14,5,228,72.28597003,-0.025347222,5.632969213,3.581709659,11.08797536,8.9099802,,
118,52551,64.5,93,5,0,7,1,0.651515152,0.278329396,Ben Bredeson,NYG,G,76,325,10.13,31.13,0,0,0,0,0,0,5,0,7,1,99,9.284988826,-0.025698925,4.379630708,3.666520778,7.36198364,9.70197844,,
119,52590,166.5,219,11,4,5,1,0.717672414,0.270168438,Michael Onwenu,NE,G,75,350,0,0,0,0,0,0,0,0,11,4,5,1,232,1.654326489,-0.025707763,5.349364636,4.105433461,11.26797496,11.30397488,,
127,41630,57.5,92,4,2,3,1,0.592783505,0.257315638,Justin McCray,HOU,C,75,317,0,0,0,0,0,0,0,0,4,2,3,1,97,-20.01440105,-0.027228261,5.166503357,4.04809316,9.37797916,7.52398328,,
129,47818,222.5,255,15,2,15,1,0.84280303,0.275729265,Jawaan Taylor,JAX,T,77,312,10,35.5,0,24,0,0,0,0,15,2,15,1,264,-7.654803396,-0.02745098,4.681644288,4.838433304,8.96398008,12.94197124,,
132,42765,116.5,161,7,3,10,1,0.693452381,0.284962365,Chris Reed,IND,G,76,320,0,0,0,0,0,0,0,0,7,3,10,1,168,33.96034469,-0.027857143,5.343711853,3.368500952,11.30397488,7.81198264,,
135,53466,144,202,7,5,14,1,0.672897196,0.269975984,Landon Dickerson,PHI,G,78,325,10.375,33.25,0,0,0,106,0,0,7,5,14,1,214,11.32602388,-0.028044554,5.326969204,3.739489751,12.90597132,12.09597312,,
141,52938,171.5,200,13,3,8,0,0.824519231,0.088942085,Terence Steele,DAL,T,78,310,9.5,35.13,5.03,27,27.5,106,5.08,0,13,3,8,0,208,53.6749797,-0.029625,5.158256336,4.913823072,10.7099762,14.68796736,,
142,42471,154,212,12,4,11,0,0.672489083,0.257315638,Jon Feliciano,BUF,G,76,323,9.75,32.38,5.33,23,26.5,97,4.74,0,12,4,11,0,229,60.0162981,-0.029740566,5.364006155,3.192794267,11.59197424,10.60197644,,
143,46092,205.5,235,12,5,8,3,0.867088608,0.269975984,Isaiah Wynn,NE,T,74,310,8.5,33.38,0,0,0,0,0,0,12,5,8,3,237,3.755276373,-0.02987234,5.107840753,4.603661098,9.25197944,13.33797036,,
152,47827,108.5,124,6,3,5,2,0.815789474,0.275729265,Elgton Jenkins,GB,G,77,310,0,0,0,0,0,0,0,0,6,3,5,2,133,20.98604144,-0.031491935,5.487414561,4.565352124,9.449979,9.75597832,,
155,52477,118.5,174,10,5,4,1,0.630319149,0.718501509,Damien Lewis,SEA,G,75,332,10.25,33,5.24,27,30,108,0,0,10,5,4,1,188,46.52436478,-0.032356322,5.669563596,4.015384197,10.47597672,9.91797796,,
157,39146,94,105,8,1,4,1,0.862385321,0.284962365,Mike Remmers,KC,T,77,310,0,0,0,0,0,0,0,0,8,1,4,1,109,7.931327515,-0.032571429,5.365569848,4.780481801,8.29798156,9.19797956,,
158,53516,131,204,16,3,4,1,0.574561404,0.088942085,Kendrick Green,PIT,C,75,310,0,0,0,0,0,0,0,0,16,3,4,1,228,14.06386053,-0.032647059,5.122491217,4.244894452,8.67598072,6.9299846,,
161,52589,57,78,1,3,7,2,0.662790698,0.278329396,Netane Muti,DEN,G,75,307,10.63,31.75,0,44,0,0,0,0,1,3,7,2,86,7.334809901,-0.032948718,5.192173384,3.760298198,8.65798076,7.30798376,,
162,53475,118.5,161,10,4,7,0,0.684971098,0.278329396,Jackson Carman,CIN,G,77,345,0,0,0,0,0,0,0,0,10,4,7,0,173,51.07467348,-0.033012422,5.118842922,3.153322802,9.52197884,8.44198124,,
166,53452,71,83,7,1,1,1,0.788888889,0.278329396,Christian Darrisaw,MIN,T,77,314,0,0,0,0,0,0,0,0,7,1,1,1,90,13.7813577,-0.034096386,5.692345572,4.866332393,9.16197964,14.38196804,,
174,41222,212,245,16,6,23,5,0.841269841,0.088942085,Alejandro Villanueva,BAL,T,81,320,0,0,0,0,0,0,0,0,16,6,23,5,252,35.28237738,-0.042714286,5.381403582,4.481514968,9.449979,10.22397728,,
176,45630,210,241,17,7,22,2,0.850202429,0.278167749,Storm Norton,LAC,T,79,317,0,0,0,0,0,0,0,0,17,7,22,2,247,33.84039249,-0.04346473,5.122998553,4.423077754,9.70197844,13.4099702,,
177,43640,134.5,158,11,5,12,2,0.820121951,0.283821189,Rashod Hill,MIN,T,78,313,0,0,0,0,0,0,0,0,11,5,12,2,164,33.61283295,-0.043639241,5.037946153,4.588917186,9.77397828,19.54795656,,
178,44943,102,114,7,3,11,3,0.86440678,0.257315638,Julien Davenport,IND,T,79,325,0,0,0,0,0,0,0,0,7,3,11,3,118,3.551667251,-0.043684211,4.921288107,4.426839161,8.83798036,8.0099822,,
179,52418,125,144,12,3,16,0,0.838926174,0.278167749,Jedrick Wills,CLE,T,77,320,10,34.25,5.05,0,34.5,113,4.84,0,12,3,16,0,149,0.147779151,-0.044305556,6.581531784,4.739362932,8.3699814,10.96197564,,
180,42924,226,278,21,8,26,3,0.773972603,0.278167749,Jesse Davis,MIA,T,78,325,0,0,0,0,0,0,0,0,21,8,26,3,292,16.31867194,-0.045593525,4.898448623,4.516212534,11.01597552,10.47597672,,
187,53499,65,76,9,2,8,2,0.802469136,0.088942085,Brady Christensen,CAR,T,78,297,0,0,0,0,0,0,0,0,9,2,8,2,81,-41.27622674,-0.061907895,4.826526102,4.238121895,8.83798036,9.14397968,,